,Unnamed: 0,Unnamed: 0.1,Unnamed: 0.1.1,Unnamed: 0.1.1.1,Unnamed: 0.1.1.1.1,Unnamed: 0.1.1.1.1.1,Unnamed: 0.1.1.1.1.1.1,Unnamed: 0.1.1.1.1.1.1.1,Unnamed: 0.1.1.1.1.1.1.1.1,Unnamed: 0.1.1.1.1.1.1.1.1.1,Unnamed: 0.1.1.1.1.1.1.1.1.1.1,Unnamed: 0.1.1.1.1.1.1.1.1.1.1.1,Unnamed: 0.1.1.1.1.1.1.1.1.1.1.1.1,Unnamed: 0.1.1.1.1.1.1.1.1.1.1.1.1.1,0,tags
0,0,0,0,0,0,0,0,0,0,0,0,0,0,0,"(iii)    a statement of the availability of barrier‑free accessibility to the office of the returning officer and to the advance polling places,","['O', 'O', 'U', 'O', 'O', 'O', 'O', 'B', 'L', 'O', 'O', 'O', 'O', 'O', 'B', 'L', 'O', 'O', 'O', 'B', 'I', 'L']"
1,1,1,1,1,1,1,1,1,1,1,1,1,1,1,(2)  The following restrictions apply with respect to the use of accessible voting equipment:,"['O', 'O', 'O', 'O', 'O', 'O', 'O', 'O', 'O', 'O', 'O', 'B', 'I', 'L']"
2,2,2,2,2,2,2,2,2,2,2,2,2,2,2,"(2)  On the coming into force of subsection (1), the following applies:","['O', 'O', 'O', 'O', 'O', 'O', 'O', 'B', 'L', 'O', 'O', 'O']"
3,3,3,3,3,3,3,3,3,3,3,3,3,3,3,"(a)    are Canadian citizens,","['O', 'O', 'B', 'L']"
4,4,4,4,4,4,4,4,4,4,4,4,4,4,4,"(b)    forfeits the person’s right to vote in the election, and","['O', 'O', 'O', 'O', 'O', 'O', 'O', 'O', 'O', 'U', 'O']"
5,5,5,5,5,5,5,5,5,5,5,5,5,5,5,"(b)    at treatment centres and supportive living facilities where mobile polls are held in accordance with section 120, during the hours fixed by the returning officer;","['O', 'O', 'B', 'L', 'O', 'B', 'I', 'L', 'O', 'B', 'L', 'O', 'O', 'O', 'O', 'O', 'B', 'L', 'O', 'B', 'L', 'O', 'O', 'O', 'B', 'L']"
6,6,6,6,6,6,6,6,6,6,6,6,6,6,6,(2)  Facilities at which a special mobile poll may be established include the following:,"['O', 'O', 'O', 'O', 'O', 'B', 'I', 'L', 'O', 'O', 'O', 'O', 'O', 'O']"
7,7,7,7,7,7,7,7,7,7,7,7,7,7,7,(4)  A deposit that is not refunded under this section shall be transmitted to the Chief Electoral Officer for deposit to the General Revenue Fund.,"['O', 'O', 'O', 'O', 'O', 'O', 'O', 'O', 'B', 'L', 'O', 'O', 'O', 'O', 'O', 'B', 'I', 'L', 'O', 'O', 'O', 'O', 'B', 'I', 'L']"
8,8,8,8,8,8,8,8,8,8,8,8,8,8,8,"(b)    repealed 2017 c29 s15,","['O', 'O', 'B', 'I', 'L']"
9,9,9,9,9,9,9,9,9,9,9,9,9,9,9,Persons eligible to vote,"['O', 'O', 'O', 'O']"
10,10,10,10,10,10,10,10,10,10,10,10,10,10,10,Election Finances and Contributions Disclosure Act,"['B', 'I', 'I', 'I', 'I', 'L']"
11,11,11,11,11,11,11,11,11,11,11,11,11,11,11,(a.1)    repealed 2012 c5 s42;,"['O', 'O', 'B', 'I', 'L']"
12,12,12,12,12,12,12,12,12,12,12,12,12,12,12,"(a)    ensure that corrections of obvious errors or omissions are made to the posted notices at any time up to 48 hours prior to the hour fixed for the opening of the polling places on polling day, and","['O', 'O', 'O', 'O', 'O', 'O', 'O', 'O', 'O', 'O', 'O', 'O', 'O', 'B', 'L', 'O', 'O', 'O', 'O', 'O', 'B', 'L', 'O', 'O', 'O', 'U', 'O', 'O', 'O', 'O', 'O', 'O', 'B', 'L', 'O', 'B', 'L', 'O']"
13,13,13,13,13,13,13,13,13,13,13,13,13,13,13,Effect of previous corrupt practices,"['O', 'O', 'O', 'O', 'O']"
14,14,14,14,14,14,14,14,14,14,14,14,14,14,14,"(c)    may, where a person is contravening subsection (3),","['O', 'O', 'O', 'O', 'O', 'O', 'O', 'B', 'L']"
15,15,15,15,15,15,15,15,15,15,15,15,15,15,15,Improper inducement,"['O', 'O']"
16,16,16,16,16,16,16,16,16,16,16,16,16,16,16,"206   In the event of suspension or delay at any stage of the proceedings, the Court before which the matter is pending may permit one or more persons to intervene and carry out the proceedings to a final determination.","['O', 'O', 'O', 'O', 'O', 'O', 'O', 'O', 'O', 'O', 'O', 'O', 'O', 'O', 'B', 'L', 'O', 'O', 'O', 'O', 'O', 'O', 'O', 'O', 'O', 'O', 'O', 'O', 'O', 'O', 'O', 'O', 'O', 'O', 'O', 'O', 'O', 'O', 'O']"
17,17,17,17,17,17,17,17,17,17,17,17,17,17,17,(2)  The register of electors may only contain the following information about persons ordinarily resident in Alberta who are electors or will be eligible to be electors:,"['O', 'B', 'I', 'I', 'L', 'O', 'O', 'O', 'O', 'O', 'O', 'O', 'O', 'O', 'O', 'O', 'U', 'O', 'O', 'U', 'O', 'O', 'O', 'O', 'O', 'O', 'U']"
18,18,18,18,18,18,18,18,18,18,18,18,18,18,18,"(b)    the elector complies with section 95(1) or (2), the poll clerk shall strike the elector’s name off the list of electors and enter the name and address in the poll book if it is not already there, and for each name so recorded the poll clerk shall enter a number in consecutive sequence opposite it.","['O', 'O', 'U', 'O', 'O', 'B', 'L', 'O', 'U', 'O', 'B', 'L', 'O', 'O', 'O', 'U', 'O', 'O', 'O', 'B', 'I', 'L', 'O', 'O', 'O', 'O', 'O', 'O', 'O', 'O', 'B', 'L', 'O', 'O', 'O', 'O', 'O', 'O', 'O', 'O', 'O', 'O', 'O', 'O', 'O', 'B', 'L', 'O', 'O', 'O', 'O', 'O', 'O', 'O', 'O', 'O']"
19,19,19,19,19,19,19,19,19,19,19,19,19,19,19,"(b)    is at least 18 years of age, and","['O', 'O', 'B', 'I', 'I', 'I', 'I', 'L', 'O']"
20,20,20,20,20,20,20,20,20,20,20,20,20,20,20,(1.1)  The returning officer shall send the deposits received under section 61 to the Chief Electoral Officer.,"['O', 'O', 'B', 'L', 'O', 'O', 'O', 'O', 'O', 'O', 'B', 'L', 'O', 'O', 'B', 'I', 'L']"
21,21,21,21,21,21,21,21,21,21,21,21,21,21,21,"(i)    there is no supply vote under which an expenditure with respect to that matter may be made, or","['O', 'O', 'O', 'O', 'B', 'L', 'O', 'O', 'O', 'O', 'O', 'O', 'O', 'O', 'O', 'O', 'O', 'O', 'O']"
22,22,22,22,22,22,22,22,22,22,22,22,22,22,22,Material to be provided to candidate,"['O', 'O', 'O', 'O', 'O', 'U']"
23,23,23,23,23,23,23,23,23,23,23,23,23,23,23,(3.1)  The returning officer shall,"['O', 'O', 'B', 'L', 'O']"
24,24,24,24,24,24,24,24,24,24,24,24,24,24,24,(b)    in the manner provided by section 68.,"['O', 'O', 'O', 'O', 'O', 'O', 'B', 'L']"
25,25,25,25,25,25,25,25,25,25,25,25,25,25,25,"19(1)  The Chief Electoral Officer shall, forthwith after polling day for a general election, prepare a post‑polling‑day list of electors for each polling subdivision in each electoral division.","['O', 'O', 'B', 'I', 'L', 'O', 'O', 'O', 'B', 'L', 'O', 'O', 'B', 'L', 'O', 'O', 'O', 'B', 'I', 'L', 'O', 'O', 'B', 'L', 'O', 'O', 'B', 'L']"
26,26,26,26,26,26,26,26,26,26,26,26,26,26,26,"(5)  The Chief Electoral Officer shall, immediately after each enumeration, general election, election under the Alberta Senate Election Act, by‑election or plebiscite or a plebiscite or referendum under any other Act, prepare and have printed a report including","['O', 'O', 'B', 'I', 'L', 'O', 'O', 'O', 'O', 'U', 'B', 'L', 'U', 'O', 'O', 'B', 'I', 'I', 'L', 'U', 'O', 'U', 'O', 'O', 'U', 'O', 'U', 'O', 'O', 'O', 'O', 'O', 'O', 'O', 'O', 'O', 'O', 'O']"
27,27,27,27,27,27,27,27,27,27,27,27,27,27,27,"(6)  The Chief Electoral Officer shall transmit the report prepared under subsection (5) to the Standing Committee, which shall lay the report before the Legislative Assembly if it is then sitting or, if it is not then sitting, not more than 15 days after the commencement of the next sitting of the Assembly.","['O', 'O', 'B', 'I', 'L', 'O', 'O', 'O', 'O', 'O', 'O', 'B', 'L', 'O', 'O', 'B', 'L', 'O', 'O', 'O', 'O', 'O', 'O', 'O', 'B', 'L', 'O', 'O', 'O', 'O', 'O', 'O', 'O', 'O', 'O', 'O', 'O', 'O', 'O', 'O', 'O', 'B', 'L', 'O', 'O', 'O', 'O', 'O', 'O', 'U', 'O', 'O', 'U']"
28,28,28,28,28,28,28,28,28,28,28,28,28,28,28,"(2)  The provisions of this Act relating to the procedure of voting by Special Ballot apply to voting by Secure Special Ballot, but the Chief Electoral Officer may modify the procedure to ensure that the name and address of an applicant under this section remain secure.","['O', 'O', 'O', 'O', 'O', 'O', 'O', 'O', 'O', 'O', 'O', 'O', 'O', 'B', 'L', 'O', 'O', 'O', 'O', 'B', 'I', 'L', 'O', 'O', 'B', 'I', 'L', 'O', 'O', 'O', 'O', 'O', 'O', 'O', 'O', 'O', 'O', 'O', 'O', 'O', 'O', 'O', 'B', 'L', 'O', 'O']"
29,29,29,29,29,29,29,29,29,29,29,29,29,29,29,92(1)  Only the following persons may remain in a polling place during polling hours:,"['O', 'O', 'O', 'O', 'O', 'O', 'O', 'O', 'O', 'B', 'L', 'O', 'B', 'L']"
30,30,30,30,30,30,30,30,30,30,30,30,30,30,30,"(3.2)  A registered candidate, a registered candidate’s official agent or a registered political party to whom a copy of a poll book has been furnished under this section shall immediately notify the Chief Electoral Officer if the poll book or the information contained in the poll book has been lost.","['O', 'O', 'B', 'L', 'O', 'B', 'I', 'I', 'L', 'O', 'O', 'B', 'I', 'L', 'O', 'O', 'O', 'O', 'O', 'O', 'B', 'L', 'O', 'O', 'O', 'O', 'B', 'L', 'O', 'O', 'O', 'O', 'B', 'I', 'L', 'O', 'O', 'B', 'L', 'O', 'O', 'O', 'O', 'O', 'O', 'B', 'L', 'O', 'O', 'O']"
31,31,31,31,31,31,31,31,31,31,31,31,31,31,31,(1.1)  Students may briefly visit a polling place in their school for educational purposes with the consent of the supervisory deputy returning officer or a deputy returning officer.,"['O', 'U', 'O', 'O', 'O', 'O', 'B', 'L', 'O', 'O', 'O', 'O', 'O', 'O', 'O', 'O', 'O', 'O', 'O', 'B', 'I', 'I', 'L', 'O', 'O', 'B', 'I', 'L']"
32,32,32,32,32,32,32,32,32,32,32,32,32,32,32,158   A person who contravenes section 29(3) or 133(3) is guilty of an offence and liable to a fine of not more than $10 000 or to imprisonment for a term of not more than one year or to both fine and imprisonment.,"['O', 'O', 'O', 'O', 'O', 'B', 'L', 'O', 'U', 'O', 'O', 'O', 'O', 'O', 'O', 'O', 'O', 'O', 'O', 'O', 'O', 'O', 'O', 'B', 'L', 'O', 'O', 'O', 'O', 'O', 'O', 'O', 'O', 'O', 'O', 'B', 'L', 'O', 'O', 'O', 'O', 'O', 'O']"
33,33,33,33,33,33,33,33,33,33,33,33,33,33,33,"(c.1)    place a copy of the prescribed identification document or documents in the certificate envelope,","['O', 'O', 'O', 'O', 'O', 'O', 'B', 'I', 'L', 'O', 'U', 'O', 'O', 'B', 'L']"
34,34,34,34,34,34,34,34,34,34,34,34,34,34,34,153.6   If the Election Commissioner is of the opinion that a contracting party,"['O', 'O', 'O', 'B', 'L', 'O', 'O', 'O', 'O', 'O', 'O', 'B', 'L']"
35,35,35,35,35,35,35,35,35,35,35,35,35,35,35,Secure Special Ballot,"['B', 'I', 'L']"
36,36,36,36,36,36,36,36,36,36,36,36,36,36,36,(i)    any other documents requested by the Chief Electoral Officer.,"['O', 'O', 'O', 'O', 'O', 'O', 'O', 'B', 'I', 'L']"
37,37,37,37,37,37,37,37,37,37,37,37,37,37,37,"199(1)  An appeal lies to the Court of Appeal from any order, direction or determination of the judge and from any judgment entered in pursuance of it, and the appeal and all proceedings relating to it shall be had and taken, and the Court of Appeal shall, subject to this Part, deal with the appeal in the same manner as appeals in civil matters from the Court of Queen’s Bench.","['O', 'O', 'O', 'O', 'O', 'O', 'B', 'I', 'L', 'O', 'O', 'U', 'U', 'O', 'U', 'O', 'O', 'U', 'O', 'O', 'O', 'U', 'O', 'O', 'O', 'O', 'O', 'O', 'O', 'O', 'O', 'O', 'O', 'O', 'O', 'O', 'O', 'O', 'O', 'O', 'O', 'O', 'O', 'B', 'I', 'L', 'O', 'O', 'O', 'B', 'L', 'O', 'O', 'O', 'O', 'O', 'O', 'O', 'O', 'O', 'O', 'O', 'O', 'O', 'O', 'O', 'B', 'I', 'I', 'L']"
38,38,38,38,38,38,38,38,38,38,38,38,38,38,38,"(7)  Notwithstanding anything in this section, the Chief Electoral Officer may, at any time the Chief Electoral Officer considers it advisable, conduct an enumeration of all or some of the electoral divisions, or within an electoral division.","['O', 'O', 'O', 'O', 'B', 'L', 'O', 'B', 'I', 'L', 'O', 'O', 'O', 'O', 'O', 'B', 'I', 'L', 'O', 'O', 'O', 'O', 'O', 'U', 'O', 'O', 'O', 'O', 'O', 'O', 'B', 'L', 'O', 'O', 'O', 'B', 'L']"
39,39,39,39,39,39,39,39,39,39,39,39,39,39,39,"(9)  The judge shall conduct a recount according to the provisions governing an official count by a returning officer and shall verify and, if necessary, amend the Statement of Official Results.","['O', 'O', 'U', 'O', 'O', 'O', 'U', 'O', 'O', 'O', 'O', 'O', 'O', 'B', 'L', 'O', 'O', 'B', 'L', 'O', 'O', 'O', 'O', 'O', 'O', 'O', 'O', 'B', 'I', 'I', 'L']"
40,40,40,40,40,40,40,40,40,40,40,40,40,40,40,"(c)    appoint other persons as election officers to carry out duties authorized by the Chief Electoral Officer, for the faithful performance of which those persons are to be sworn,","['O', 'O', 'O', 'O', 'O', 'B', 'L', 'O', 'O', 'O', 'O', 'O', 'O', 'O', 'B', 'I', 'L', 'O', 'O', 'O', 'O', 'O', 'O', 'O', 'O', 'O', 'O', 'O', 'O']"
41,41,41,41,41,41,41,41,41,41,41,41,41,41,41,"(c)    provide one copy of the Statement of Poll to each candidate or to the candidate’s official agent or scrutineer present,","['O', 'O', 'O', 'O', 'O', 'O', 'B', 'I', 'L', 'O', 'O', 'U', 'O', 'O', 'O', 'B', 'I', 'L', 'O', 'U', 'O']"
42,42,42,42,42,42,42,42,42,42,42,42,42,42,42,138(1)  The returning officer shall,"['O', 'O', 'B', 'L', 'O']"
43,43,43,43,43,43,43,43,43,43,43,43,43,43,43,"(2)  A polling place shall be in a location that, in the opinion of the returning officer, is convenient for the electors.","['O', 'O', 'B', 'L', 'O', 'O', 'O', 'O', 'O', 'O', 'O', 'O', 'O', 'O', 'O', 'B', 'L', 'O', 'O', 'O', 'O', 'U']"
44,44,44,44,44,44,44,44,44,44,44,44,44,44,44,"(a)    3 months after receiving them from the returning officer, or","['O', 'B', 'L', 'O', 'O', 'O', 'O', 'O', 'B', 'L', 'O']"
45,45,45,45,45,45,45,45,45,45,45,45,45,45,45,"(e)    being a resident of a remote area designated under section 31, or","['O', 'O', 'O', 'O', 'O', 'O', 'O', 'O', 'O', 'O', 'B', 'L', 'O']"
46,46,46,46,46,46,46,46,46,46,46,46,46,46,46,"(c)    if no candidate can be declared elected because there is an equality of votes for 2 or more candidates, that the results of the election will be subject to a judicial recount under this Part.","['O', 'O', 'O', 'U', 'O', 'O', 'O', 'O', 'O', 'O', 'O', 'O', 'O', 'O', 'O', 'O', 'O', 'O', 'O', 'U', 'O', 'O', 'O', 'O', 'O', 'U', 'O', 'O', 'O', 'O', 'O', 'B', 'L', 'O', 'O', 'U']"
47,47,47,47,47,47,47,47,47,47,47,47,47,47,47,"(a)    by the owner or possessor of a hall or other place in which to hold bona fide public meetings for purposes related to the election,","['O', 'O', 'O', 'O', 'O', 'O', 'O', 'O', 'O', 'O', 'O', 'O', 'O', 'O', 'O', 'O', 'O', 'O', 'O', 'O', 'O', 'O', 'O', 'O', 'O', 'U']"
48,48,48,48,48,48,48,48,48,48,48,48,48,48,48,60(1)  Each person being nominated as a candidate shall appoint an elector to be the person’s official agent on the person’s nomination and shall include the name and contact information of the person so appointed in the appropriate place in the nomination form.,"['O', 'O', 'O', 'O', 'O', 'O', 'O', 'U', 'O', 'O', 'O', 'U', 'O', 'O', 'O', 'O', 'B', 'L', 'O', 'O', 'O', 'U', 'O', 'O', 'O', 'O', 'O', 'O', 'O', 'O', 'O', 'O', 'O', 'O', 'O', 'O', 'O', 'O', 'O', 'O', 'O', 'B', 'L']"
49,49,49,49,49,49,49,49,49,49,49,49,49,49,49,Announcement of official results,"['O', 'O', 'B', 'L']"
50,50,50,50,50,50,50,50,50,50,50,50,50,50,50,(e)    “referendum period” means,"['O', 'B', 'L', 'O']"
51,51,51,51,51,51,51,51,51,51,51,51,51,51,51,"(b)    a promise to give or lend money or other valuable consideration,","['O', 'O', 'O', 'O', 'O', 'O', 'O', 'O', 'O', 'O', 'O', 'O']"
52,52,52,52,52,52,52,52,52,52,52,52,52,52,52,Application of Act to special mobile polls,"['O', 'O', 'U', 'O', 'B', 'I', 'L']"
53,53,53,53,53,53,53,53,53,53,53,53,53,53,53,"(2)  A disclosure under section 206.1(3)(a) may be made with respect to an alleged contravention that occurred before the coming into force of this section, but may not be made with respect to an alleged contravention that occurred more than 3 years before the coming into force of this section.","['O', 'O', 'O', 'O', 'B', 'L', 'O', 'O', 'O', 'O', 'O', 'O', 'O', 'O', 'O', 'O', 'O', 'O', 'O', 'B', 'I', 'L', 'O', 'B', 'L', 'O', 'O', 'O', 'O', 'O', 'O', 'O', 'O', 'O', 'O', 'O', 'O', 'O', 'O', 'O', 'B', 'L', 'O', 'O', 'B', 'I', 'L', 'O', 'B', 'L']"
54,54,54,54,54,54,54,54,54,54,54,54,54,54,54,(4)  The filing of a disclaimer under subsection (1) does not affect any application under section 144 or appeal under section 148 by another candidate or the right of that other candidate to be declared elected if that other candidate’s application or appeal is successful.,"['O', 'O', 'O', 'O', 'O', 'O', 'O', 'B', 'L', 'O', 'O', 'O', 'O', 'O', 'O', 'B', 'L', 'O', 'O', 'O', 'B', 'L', 'O', 'O', 'U', 'O', 'O', 'O', 'O', 'O', 'O', 'U', 'O', 'O', 'O', 'U', 'O', 'O', 'O', 'U', 'O', 'O', 'O', 'O', 'O']"
55,55,55,55,55,55,55,55,55,55,55,55,55,55,55,"133(1)  In this section and section 133.1, “multiple dwelling site” means","['O', 'O', 'B', 'L', 'O', 'B', 'L', 'B', 'I', 'L', 'O']"
56,56,56,56,56,56,56,56,56,56,56,56,56,56,56,"(5)  Each election clerk shall, before assuming the election clerk’s duties, take the prescribed oath of office.","['O', 'O', 'B', 'L', 'O', 'O', 'O', 'O', 'B', 'L', 'O', 'O', 'O', 'O', 'B', 'I', 'L']"
57,57,57,57,57,57,57,57,57,57,57,57,57,57,57,"(b)    in the case of Special Ballots in the sealed ballot box referred to in subsection (5)(a)(v) in the possession of the person designated by the Chief Electoral Officer, in the following manner:","['O', 'O', 'O', 'O', 'O', 'B', 'L', 'O', 'O', 'O', 'B', 'L', 'O', 'O', 'O', 'B', 'L', 'O', 'O', 'O', 'O', 'O', 'O', 'O', 'O', 'O', 'B', 'I', 'L', 'O', 'O', 'O', 'O']"
58,58,58,58,58,58,58,58,58,58,58,58,58,58,58,Publishing information re location of polling place,"['O', 'O', 'O', 'O', 'O', 'B', 'L']"
59,59,59,59,59,59,59,59,59,59,59,59,59,59,59,"(a)    reports that the Chief Electoral Officer has certified that in the public interest an expenditure of public money is urgently required in respect of any matter pertaining to the Office of the Chief Electoral Officer, and","['O', 'O', 'O', 'O', 'B', 'I', 'L', 'O', 'O', 'O', 'O', 'O', 'O', 'O', 'O', 'O', 'O', 'O', 'O', 'O', 'O', 'O', 'O', 'O', 'O', 'O', 'O', 'O', 'O', 'O', 'U', 'O', 'O', 'B', 'I', 'L', 'O']"
60,60,60,60,60,60,60,60,60,60,60,60,60,60,60,"(2)  Any election officer who is appointed to carry out duties in an electoral division may, at the request of his or her supervisor, be required to carry out the duties of any other officer at any polling place in the electoral division if that other election officer is unable to carry out his or her own duties.","['O', 'O', 'B', 'L', 'O', 'O', 'O', 'O', 'O', 'O', 'O', 'O', 'O', 'B', 'L', 'O', 'O', 'O', 'O', 'O', 'O', 'O', 'O', 'U', 'O', 'O', 'O', 'O', 'O', 'O', 'O', 'O', 'O', 'O', 'O', 'O', 'O', 'B', 'L', 'O', 'O', 'B', 'L', 'O', 'O', 'O', 'B', 'L', 'O', 'O', 'O', 'O', 'O', 'O', 'O', 'O', 'O', 'O']"
61,61,61,61,61,61,61,61,61,61,61,61,61,61,61,(3)  An application to have a name entered on the lists of electors must be made under section 37 to the returning officer of the electoral division before the time fixed for concluding revisions to the lists.,"['O', 'O', 'O', 'O', 'O', 'O', 'O', 'O', 'O', 'O', 'B', 'I', 'L', 'O', 'O', 'O', 'O', 'B', 'L', 'O', 'O', 'B', 'L', 'O', 'O', 'B', 'L', 'O', 'O', 'O', 'O', 'O', 'O', 'O', 'O', 'O', 'O']"
62,62,62,62,62,62,62,62,62,62,62,62,62,62,62,"(2)  On the request of the Chief Electoral Officer, the Election Commissioner shall disclose to the Chief Electoral Officer any document or information that the Election Commissioner obtained under this Act that the Chief Electoral Officer considers necessary for the purposes of carrying out his or her powers, duties and functions under this Act.","['O', 'O', 'O', 'O', 'O', 'O', 'B', 'I', 'L', 'O', 'B', 'L', 'O', 'O', 'O', 'O', 'B', 'I', 'L', 'O', 'O', 'O', 'O', 'O', 'O', 'B', 'L', 'O', 'O', 'B', 'L', 'O', 'O', 'B', 'I', 'L', 'O', 'O', 'O', 'O', 'O', 'O', 'O', 'O', 'O', 'O', 'O', 'O', 'O', 'O', 'O', 'O', 'B', 'L']"
63,63,63,63,63,63,63,63,63,63,63,63,63,63,63,"135(1)  Subject to subsection (2), no person may","['O', 'O', 'O', 'B', 'L', 'O', 'O', 'O']"
64,64,64,64,64,64,64,64,64,64,64,64,64,64,64,"(a)    determine, in consultation with an official of each facility set out in subsection (2)(a), (b), (c), (d) and (e), whether a special mobile poll should be held at the facility,","['O', 'O', 'O', 'O', 'O', 'O', 'O', 'O', 'O', 'O', 'O', 'O', 'O', 'B', 'L', 'U', 'U', 'U', 'O', 'U', 'O', 'O', 'B', 'I', 'L', 'O', 'O', 'O', 'O', 'O', 'O']"
65,65,65,65,65,65,65,65,65,65,65,65,65,65,65,73(1)  For each polling place established in an electoral division the returning officer for that electoral division shall appoint one or more qualified persons as poll clerks.,"['O', 'O', 'O', 'B', 'L', 'O', 'O', 'O', 'B', 'L', 'O', 'B', 'L', 'O', 'O', 'B', 'L', 'O', 'O', 'O', 'O', 'O', 'O', 'O', 'O', 'B', 'L']"
66,66,66,66,66,66,66,66,66,66,66,66,66,66,66,"(a)    reasonable rent or hire of halls or other places used by a candidate personally to address public meetings of electors, and the expenses incurred in","['O', 'O', 'O', 'O', 'O', 'O', 'O', 'O', 'O', 'O', 'O', 'O', 'O', 'U', 'O', 'O', 'O', 'O', 'B', 'I', 'L', 'O', 'O', 'O', 'O', 'O']"
67,67,67,67,67,67,67,67,67,67,67,67,67,67,67,"47.1(1)  In preparation for the conduct of an election in an electoral division, the returning officer shall appoint an administrative assistant.","['O', 'O', 'O', 'O', 'O', 'O', 'O', 'O', 'U', 'O', 'O', 'B', 'L', 'O', 'B', 'L', 'O', 'O', 'O', 'B', 'L']"
68,68,68,68,68,68,68,68,68,68,68,68,68,68,68,"75.1(1)  A returning officer may, if the returning officer considers it necessary, appoint in the prescribed form a qualified person as an information officer for each polling place.","['O', 'O', 'B', 'L', 'O', 'O', 'O', 'B', 'L', 'O', 'O', 'O', 'O', 'O', 'O', 'O', 'O', 'O', 'O', 'O', 'O', 'O', 'B', 'L', 'O', 'O', 'B', 'L']"
69,69,69,69,69,69,69,69,69,69,69,69,69,69,69,"(b)    subject to clause (c), in the case of an advertisement that is broadcast or is made through electronic media, the information referred to in clause (a) must be stated at the beginning of the advertisement;","['O', 'O', 'O', 'B', 'L', 'O', 'O', 'O', 'O', 'O', 'O', 'O', 'O', 'O', 'O', 'O', 'O', 'O', 'O', 'O', 'O', 'O', 'O', 'O', 'O', 'B', 'L', 'O', 'O', 'O', 'O', 'O', 'O', 'O', 'O', 'O']"
70,70,70,70,70,70,70,70,70,70,70,70,70,70,70,"(i)    one piece of identification issued by a Canadian government, whether federal, provincial or local, or an agency of that government, that contains a photograph of the elector and his or her name and current address, or","['O', 'O', 'B', 'I', 'L', 'O', 'O', 'O', 'B', 'L', 'O', 'U', 'U', 'O', 'U', 'O', 'O', 'U', 'O', 'O', 'O', 'O', 'O', 'O', 'O', 'O', 'O', 'U', 'O', 'O', 'O', 'O', 'O', 'O', 'O', 'O', 'O']"
71,71,71,71,71,71,71,71,71,71,71,71,71,71,71,"(2)  The Standing Committee on Legislative Offices shall review each estimate submitted pursuant to subsection (1) and, on completion of the review, the chair of the Committee shall present the estimate to the President of Treasury Board and Minister of Finance for presentation to the Assembly.","['O', 'O', 'B', 'I', 'I', 'I', 'L', 'O', 'O', 'O', 'O', 'O', 'O', 'O', 'B', 'L', 'O', 'O', 'O', 'O', 'O', 'O', 'O', 'O', 'O', 'O', 'U', 'O', 'O', 'O', 'O', 'O', 'O', 'B', 'I', 'I', 'L', 'O', 'B', 'I', 'L', 'O', 'O', 'O', 'O', 'U']"
72,72,72,72,72,72,72,72,72,72,72,72,72,72,72,(8)  The deputy returning officer shall make a note in the poll book of every objection to a ballot and the name of any candidate on whose behalf an objection was made.,"['O', 'O', 'B', 'I', 'L', 'O', 'O', 'O', 'O', 'O', 'O', 'B', 'L', 'O', 'O', 'O', 'O', 'O', 'O', 'O', 'O', 'O', 'O', 'O', 'U', 'O', 'O', 'O', 'O', 'O', 'O', 'O']"
73,73,73,73,73,73,73,73,73,73,73,73,73,73,73,"(4)  Subject to subsection (1), no person may inspect any election documents retained by the Chief Electoral Officer pertaining to the election in that electoral division except by order of a judge.","['O', 'O', 'O', 'B', 'L', 'O', 'O', 'O', 'O', 'O', 'O', 'O', 'O', 'O', 'O', 'B', 'I', 'L', 'O', 'O', 'O', 'U', 'O', 'O', 'B', 'L', 'O', 'O', 'O', 'O', 'O', 'U']"
74,74,74,74,74,74,74,74,74,74,74,74,74,74,74,Spoiled ballot,"['B', 'L']"
75,75,75,75,75,75,75,75,75,75,75,75,75,75,75,104(1)  A deputy returning officer shall administer the declaration in the prescribed form to a person if,"['O', 'O', 'B', 'I', 'L', 'O', 'O', 'O', 'O', 'O', 'O', 'O', 'O', 'O', 'O', 'O', 'O']"
76,76,76,76,76,76,76,76,76,76,76,76,76,76,76,"(4)  An official of the facility shall, on the close of the taking of the poll at the facility, endorse the poll book by affixing the official’s signature immediately under the last name in the poll book certifying that the persons named in the poll book are in‑patients or residents in accordance with section 121.","['O', 'O', 'B', 'I', 'I', 'L', 'O', 'O', 'O', 'O', 'O', 'O', 'O', 'O', 'O', 'U', 'O', 'O', 'U', 'O', 'O', 'B', 'L', 'O', 'O', 'O', 'U', 'O', 'O', 'O', 'O', 'O', 'O', 'O', 'O', 'B', 'L', 'O', 'O', 'O', 'O', 'O', 'O', 'O', 'B', 'L', 'O', 'O', 'O', 'O', 'O', 'O', 'O', 'B', 'L']"
77,77,77,77,77,77,77,77,77,77,77,77,77,77,77,"(a.1)    procures or attempts to procure an appointment as an election officer when the person knows or ought to know that he or she is ineligible to be appointed or to act as an election officer, or","['O', 'O', 'O', 'O', 'O', 'O', 'O', 'O', 'O', 'O', 'B', 'L', 'O', 'O', 'O', 'O', 'O', 'O', 'O', 'O', 'O', 'O', 'O', 'O', 'O', 'O', 'O', 'O', 'O', 'O', 'O', 'O', 'O', 'O', 'B', 'L', 'O']"
78,78,78,78,78,78,78,78,78,78,78,78,78,78,78,Application to set aside petition,"['O', 'O', 'O', 'O', 'U']"
79,79,79,79,79,79,79,79,79,79,79,79,79,79,79,"(a)    to assist electors who are not on the list of electors in the completion of a declaration referred to in section 95, and","['O', 'O', 'O', 'U', 'O', 'O', 'O', 'O', 'O', 'B', 'I', 'L', 'O', 'O', 'O', 'O', 'O', 'U', 'O', 'O', 'O', 'B', 'L', 'O']"
80,80,80,80,80,80,80,80,80,80,80,80,80,80,80,"(3)  Notwithstanding section 30, an enumeration in a designated remote area shall, subject to","['O', 'O', 'B', 'L', 'O', 'U', 'O', 'O', 'O', 'O', 'O', 'O', 'O', 'O']"
81,81,81,81,81,81,81,81,81,81,81,81,81,81,81,"(8)  During the periods when the recount is not being actually conducted, the judge shall place the ballots and other related documents in a closed container under the judge’s seal and the seals of any others present who so desire, and shall cause to be taken all other security precautions the judge considers necessary.","['O', 'O', 'O', 'O', 'O', 'O', 'O', 'O', 'O', 'O', 'O', 'O', 'O', 'U', 'O', 'O', 'O', 'O', 'O', 'O', 'O', 'O', 'O', 'O', 'O', 'O', 'O', 'O', 'B', 'L', 'O', 'O', 'U', 'O', 'O', 'O', 'O', 'O', 'O', 'O', 'O', 'O', 'O', 'O', 'O', 'O', 'O', 'O', 'O', 'O', 'O', 'U', 'O', 'O']"
82,82,82,82,82,82,82,82,82,82,82,82,82,82,82,Record of vote,"['B', 'I', 'L']"
83,83,83,83,83,83,83,83,83,83,83,83,83,83,83,"(iii)    referring to the provisions of this Act that will not be complied with and specifying the nature and extent of non‑compliance in each case,","['O', 'O', 'O', 'O', 'O', 'O', 'B', 'L', 'O', 'O', 'O', 'O', 'O', 'O', 'O', 'O', 'O', 'O', 'O', 'O', 'O', 'O', 'O', 'O', 'O']"
84,84,84,84,84,84,84,84,84,84,84,84,84,84,84,"(b)    declare elected the candidate who received the largest number of votes or, if no candidate can be declared elected because there is an equality of votes for 2 or more candidates, declare that the results of the election are subject to a judicial recount under this Part, or","['O', 'O', 'O', 'O', 'U', 'O', 'O', 'O', 'O', 'O', 'O', 'O', 'O', 'O', 'O', 'U', 'O', 'O', 'O', 'O', 'O', 'O', 'O', 'O', 'O', 'O', 'O', 'O', 'O', 'O', 'O', 'U', 'O', 'O', 'O', 'O', 'O', 'O', 'U', 'O', 'O', 'O', 'O', 'B', 'L', 'O', 'B', 'L', 'O']"
85,85,85,85,85,85,85,85,85,85,85,85,85,85,85,"(i)    a candidate defeated in the election, or","['O', 'O', 'U', 'O', 'O', 'O', 'U', 'O']"
86,86,86,86,86,86,86,86,86,86,86,86,86,86,86,"(15)  If the disclosure is made under subsection (14), the obligation under section 3(5.1) of the Public Sector Compensation Transparency Act does not apply.","['O', 'O', 'O', 'O', 'O', 'O', 'O', 'B', 'L', 'O', 'O', 'O', 'B', 'L', 'O', 'O', 'B', 'I', 'I', 'I', 'L', 'O', 'O', 'O']"
87,87,87,87,87,87,87,87,87,87,87,87,87,87,87,"(a)    providing overall supervision of 2 or more polling stations in the polling place,","['O', 'O', 'O', 'O', 'O', 'O', 'O', 'O', 'B', 'L', 'O', 'O', 'B', 'L']"
88,88,88,88,88,88,88,88,88,88,88,88,88,88,88,"(ii)    the population from which the sample was drawn,","['O', 'O', 'O', 'O', 'O', 'O', 'O', 'O', 'O']"
89,89,89,89,89,89,89,89,89,89,89,89,89,89,89,"(2)  On the giving of a notice under subsection (1), any prosecution of the contracting party that is based on the act or omission in question terminates and no further prosecution shall be instituted based on that act or omission.","['O', 'O', 'O', 'O', 'O', 'O', 'O', 'O', 'B', 'L', 'O', 'O', 'O', 'O', 'O', 'O', 'O', 'O', 'O', 'O', 'O', 'O', 'O', 'O', 'O', 'O', 'O', 'O', 'O', 'O', 'O', 'O', 'O', 'O', 'O', 'O', 'O', 'O', 'O', 'O']"
90,90,90,90,90,90,90,90,90,90,90,90,90,90,90,187   The petitioner shall at the time the petitioner files the petition deposit with the clerk the sum of $1000 as security for the respondent’s costs of and incidental to the petition and the proceedings under the petition.,"['O', 'O', 'U', 'O', 'O', 'O', 'O', 'O', 'U', 'O', 'O', 'U', 'O', 'O', 'O', 'U', 'O', 'O', 'O', 'U', 'O', 'O', 'O', 'O', 'U', 'O', 'O', 'O', 'O', 'O', 'O', 'U', 'O', 'O', 'O', 'O', 'O', 'U']"
91,91,91,91,91,91,91,91,91,91,91,91,91,91,91,"(c)    the spoiled and declined ballots, and","['O', 'O', 'O', 'O', 'O', 'U', 'O']"
92,92,92,92,92,92,92,92,92,92,92,92,92,92,92,"(a)    before a writ of election has been issued, or","['O', 'O', 'O', 'B', 'I', 'L', 'O', 'O', 'O', 'O']"
93,93,93,93,93,93,93,93,93,93,93,93,93,93,93,"(6)  The person who, immediately before the coming into force of this section, held the office of Election Commissioner under this Act may be appointed by the Chief Electoral Officer as the Election Commissioner pursuant to the Public Service Act.","['O', 'O', 'O', 'O', 'O', 'O', 'O', 'B', 'I', 'L', 'O', 'B', 'L', 'O', 'O', 'U', 'O', 'B', 'L', 'O', 'B', 'L', 'O', 'O', 'O', 'O', 'O', 'B', 'I', 'L', 'O', 'O', 'B', 'L', 'O', 'O', 'O', 'B', 'I', 'L']"
94,94,94,94,94,94,94,94,94,94,94,94,94,94,94,"(b)    to a meeting of electors, if the food or beverages are paid for by those electors, or","['O', 'O', 'O', 'B', 'I', 'L', 'O', 'O', 'O', 'O', 'O', 'O', 'O', 'O', 'O', 'O', 'U', 'O']"
95,95,95,95,95,95,95,95,95,95,95,95,95,95,95,Restricted use of list of electors,"['O', 'O', 'O', 'B', 'I', 'L']"
96,96,96,96,96,96,96,96,96,96,96,96,96,96,96,"(8)  On receipt of the certificate of results under subsection (7), the returning officer shall","['O', 'O', 'O', 'O', 'O', 'B', 'I', 'L', 'O', 'B', 'L', 'O', 'B', 'L', 'O']"
97,97,97,97,97,97,97,97,97,97,97,97,97,97,97,"(6)  Notwithstanding subsection (5), the judge shall not open the outer envelope containing a Special Ballot if the envelope was received by the returning officer or the person designated by the Chief Electoral Officer after the closing of the polling places on polling day.","['O', 'O', 'B', 'L', 'O', 'U', 'O', 'O', 'O', 'O', 'O', 'O', 'O', 'O', 'B', 'L', 'O', 'O', 'O', 'O', 'O', 'O', 'O', 'B', 'L', 'O', 'O', 'O', 'O', 'O', 'O', 'B', 'I', 'L', 'O', 'O', 'O', 'O', 'O', 'B', 'L', 'O', 'B', 'L']"
98,98,98,98,98,98,98,98,98,98,98,98,98,98,98,"(2)  The Chief Electoral Officer, with respect to voting at an advance poll or special mobile poll by electors who reside in an electoral division other than in the electoral division for which the advance poll or special mobile poll is established,","['O', 'O', 'B', 'I', 'L', 'O', 'O', 'O', 'O', 'O', 'O', 'B', 'L', 'O', 'B', 'I', 'L', 'O', 'U', 'O', 'O', 'O', 'O', 'B', 'L', 'O', 'O', 'O', 'O', 'B', 'L', 'O', 'O', 'O', 'B', 'L', 'O', 'B', 'I', 'L', 'O', 'O']"
99,99,99,99,99,99,99,99,99,99,99,99,99,99,99,"(b)    after the writ of election has been issued, cause the appropriate forms to be provided to the applicant.","['O', 'O', 'O', 'B', 'I', 'L', 'O', 'O', 'O', 'O', 'O', 'O', 'O', 'O', 'O', 'O', 'O', 'O', 'O']"
100,100,100,100,100,100,100,100,100,100,100,100,100,100,100,"(h)    prints a ballot when not authorized under this Act to do so,","['O', 'O', 'O', 'U', 'O', 'O', 'O', 'O', 'B', 'L', 'O', 'O', 'O']"
101,101,101,101,101,101,101,101,101,101,101,101,101,101,101,"(c)    any office, position or employment, or","['O', 'O', 'O', 'O', 'O', 'O', 'O']"
102,102,102,102,102,102,102,102,102,102,102,102,102,102,102,"(4)  Any election officer may perform the duties of another election officer, other than the duties of a returning officer or election clerk, if required or requested by the Chief Electoral Officer, returning officer or the election officer’s supervisor.","['O', 'O', 'B', 'L', 'O', 'O', 'O', 'O', 'O', 'O', 'B', 'L', 'O', 'O', 'O', 'O', 'O', 'O', 'B', 'L', 'O', 'B', 'L', 'O', 'O', 'O', 'O', 'O', 'O', 'B', 'I', 'L', 'B', 'L', 'O', 'O', 'B', 'I', 'L']"
103,103,103,103,103,103,103,103,103,103,103,103,103,103,103,(e)    governing any necessary matter for which no provision is made in this Act.,"['O', 'O', 'O', 'O', 'O', 'O', 'O', 'O', 'O', 'O', 'O', 'O', 'B', 'L']"
104,104,104,104,104,104,104,104,104,104,104,104,104,104,104,"(2)  If in the opinion of a member of the staff of a treatment centre or an emergency shelter it is advisable to do so, the deputy returning officer may limit the persons present at a mobile poll to","['O', 'O', 'O', 'O', 'O', 'O', 'O', 'O', 'O', 'O', 'O', 'O', 'O', 'B', 'L', 'O', 'O', 'B', 'L', 'O', 'O', 'O', 'O', 'O', 'O', 'O', 'B', 'I', 'L', 'O', 'O', 'O', 'O', 'O', 'O', 'O', 'B', 'L', 'O']"
105,105,105,105,105,105,105,105,105,105,105,105,105,105,105,(3)  Information contained in documents referred to in subsections (1) and (2) may be used only for electoral purposes.,"['O', 'O', 'O', 'O', 'O', 'O', 'O', 'O', 'B', 'L', 'O', 'U', 'O', 'O', 'O', 'O', 'O', 'O', 'O']"
106,106,106,106,106,106,106,106,106,106,106,106,106,106,106,(b)    the elector signs a declaration before the registration officer or deputy returning officer stating that the elector,"['O', 'O', 'U', 'O', 'O', 'O', 'O', 'O', 'B', 'L', 'O', 'B', 'I', 'L', 'O', 'O', 'O', 'U']"
107,107,107,107,107,107,107,107,107,107,107,107,107,107,107,"(a)    attend at the time and place appointed for the recount, and","['O', 'O', 'O', 'O', 'O', 'O', 'O', 'O', 'O', 'O', 'U', 'O']"
108,108,108,108,108,108,108,108,108,108,108,108,108,108,108,"4.2(1)  For the purposes of carrying out an inquiry under this Act, the Chief Electoral Officer has all the powers of a commissioner under the Public Inquiries Act as though the inquiry were an inquiry under that Act.","['O', 'O', 'O', 'O', 'O', 'O', 'O', 'O', 'U', 'O', 'B', 'L', 'O', 'B', 'I', 'L', 'O', 'O', 'O', 'O', 'O', 'O', 'U', 'O', 'O', 'B', 'I', 'L', 'O', 'O', 'O', 'U', 'O', 'O', 'U', 'O', 'B', 'L']"
109,109,109,109,109,109,109,109,109,109,109,109,109,109,109,81(1)  The Chief Electoral Officer shall provide each returning officer with a sufficient number of ballot boxes to conduct the election in the returning officer’s electoral division.,"['O', 'O', 'B', 'I', 'L', 'O', 'O', 'O', 'B', 'L', 'O', 'O', 'O', 'O', 'O', 'B', 'L', 'O', 'O', 'O', 'U', 'O', 'O', 'B', 'L', 'B', 'L']"
110,110,110,110,110,110,110,110,110,110,110,110,110,110,110,"(c)    preserving peace and order within the polling place, and","['O', 'O', 'O', 'O', 'O', 'O', 'O', 'B', 'L', 'O']"
111,111,111,111,111,111,111,111,111,111,111,111,111,111,111,"(5)  If a poll clerk is unable or unwilling to act or neglects the poll clerk’s duties, the returning officer may appoint another poll clerk in that poll clerk’s place, and a copy of the appointment shall be attached to the poll book.","['O', 'O', 'O', 'B', 'L', 'O', 'O', 'O', 'O', 'O', 'O', 'O', 'O', 'O', 'B', 'L', 'O', 'O', 'B', 'L', 'O', 'O', 'O', 'B', 'L', 'O', 'O', 'B', 'L', 'O', 'O', 'O', 'O', 'O', 'O', 'O', 'O', 'O', 'O', 'O', 'O', 'B', 'L']"
112,112,112,112,112,112,112,112,112,112,112,112,112,112,112,(c)    report immediately to the returning officer for the electoral division the facts and details of any disagreement between them.,"['O', 'O', 'O', 'O', 'O', 'B', 'L', 'O', 'O', 'B', 'L', 'O', 'O', 'O', 'O', 'O', 'O', 'O', 'O', 'O']"
113,113,113,113,113,113,113,113,113,113,113,113,113,113,113,"(e)    the number of administrative penalties imposed or letters of reprimand issued under this Act, the Election Finances and Contributions Disclosure Act, the Local Authorities Election Act and the Alberta Senate Election Act and, with respect to each administrative penalty or letter of reprimand, the nature of the act or omission giving rise to the administrative penalty or letter of reprimand;","['O', 'O', 'O', 'O', 'B', 'L', 'O', 'O', 'B', 'I', 'L', 'O', 'O', 'B', 'L', 'O', 'B', 'I', 'I', 'I', 'I', 'L', 'O', 'B', 'I', 'I', 'L', 'O', 'O', 'B', 'I', 'I', 'L', 'O', 'O', 'O', 'O', 'O', 'B', 'L', 'O', 'B', 'I', 'L', 'O', 'O', 'O', 'O', 'O', 'O', 'O', 'O', 'O', 'O', 'O', 'B', 'L', 'O', 'B', 'I', 'L']"
114,114,114,114,114,114,114,114,114,114,114,114,114,114,114,"(a)    the deputy returning officer doubts the eligibility of that person to vote, or","['O', 'O', 'B', 'I', 'L', 'O', 'O', 'O', 'O', 'O', 'O', 'O', 'O', 'O']"
115,115,115,115,115,115,115,115,115,115,115,115,115,115,115,"(2)  The Chief Electoral Officer shall give reasonable notice in writing to the council of each Indian band and to the settlement council and settlement administrator of each Metis settlement prior to an enumeration of the electors on the Indian reserve or on the Metis settlement, respectively, providing notice that enumerators will be conducting an enumeration in the area.","['O', 'O', 'B', 'I', 'L', 'O', 'O', 'O', 'O', 'O', 'O', 'O', 'O', 'U', 'O', 'O', 'B', 'L', 'O', 'O', 'O', 'B', 'L', 'O', 'B', 'L', 'O', 'O', 'B', 'L', 'O', 'O', 'O', 'U', 'O', 'O', 'U', 'O', 'O', 'B', 'L', 'O', 'O', 'O', 'B', 'L', 'O', 'O', 'O', 'O', 'U', 'O', 'O', 'O', 'O', 'U', 'O', 'O', 'O']"
116,116,116,116,116,116,116,116,116,116,116,116,116,116,116,"153.03(1)  Before beginning the duties of office, the Election Commissioner shall take an oath to perform the duties of the office faithfully and impartially and, except as provided in this Act or the Election Finances and Contributions Disclosure Act, not to disclose any information received by the Election Commissioner under this or any other Act.","['O', 'O', 'O', 'O', 'O', 'O', 'O', 'O', 'B', 'L', 'O', 'O', 'O', 'O', 'O', 'O', 'O', 'O', 'O', 'O', 'O', 'O', 'O', 'O', 'O', 'O', 'O', 'O', 'O', 'B', 'L', 'O', 'O', 'B', 'I', 'I', 'I', 'I', 'L', 'O', 'O', 'O', 'O', 'O', 'O', 'O', 'O', 'B', 'L', 'O', 'O', 'O', 'O', 'O', 'U']"
117,117,117,117,117,117,117,117,117,117,117,117,117,117,117,"(b)    performing the duties of other election officers as required,","['O', 'O', 'O', 'O', 'O', 'O', 'B', 'L', 'O', 'O']"
118,118,118,118,118,118,118,118,118,118,118,118,118,118,118,"(i)    2 maps showing the polling subdivisions in each electoral division, and","['O', 'O', 'O', 'O', 'O', 'B', 'L', 'O', 'O', 'B', 'L', 'O']"
119,119,119,119,119,119,119,119,119,119,119,119,119,119,119,Contravention of compliance agreement,"['O', 'O', 'B', 'L']"
120,120,120,120,120,120,120,120,120,120,120,120,120,120,120,"(ii)    2 pieces of identification authorized by the Chief Electoral Officer each of which establish the elector’s name and at least one of which establishes the elector’s current address,","['O', 'B', 'L', 'O', 'U', 'O', 'O', 'O', 'B', 'I', 'L', 'O', 'O', 'O', 'O', 'O', 'U', 'O', 'O', 'O', 'O', 'O', 'O', 'O', 'O', 'O', 'U', 'O', 'O']"
121,121,121,121,121,121,121,121,121,121,121,121,121,121,121,Writ not affected,"['U', 'O', 'O']"
122,122,122,122,122,122,122,122,122,122,122,122,122,122,122,Rules of Court apply,"['O', 'O', 'O', 'O']"
123,123,123,123,123,123,123,123,123,123,123,123,123,123,123,(3)    The Court may confirm the election of a candidate in relation to which the Court finds that a corrupt practice was committed by another candidate if the Court is satisfied that,"['O', 'O', 'U', 'O', 'O', 'O', 'U', 'O', 'O', 'U', 'O', 'O', 'O', 'O', 'O', 'U', 'O', 'O', 'O', 'O', 'O', 'O', 'O', 'O', 'O', 'U', 'O', 'O', 'U', 'O', 'O', 'O']"
124,124,124,124,124,124,124,124,124,124,124,124,124,124,124,49(1)  An oath or affidavit required under this Act from any person except a returning officer may be sworn before the returning officer for the relevant electoral division or any election officer designated by the Chief Electoral Officer.,"['O', 'O', 'U', 'O', 'U', 'O', 'O', 'B', 'L', 'O', 'O', 'O', 'O', 'O', 'B', 'L', 'O', 'O', 'O', 'O', 'O', 'B', 'L', 'O', 'O', 'O', 'B', 'L', 'O', 'O', 'B', 'L', 'O', 'O', 'O', 'B', 'I', 'L']"
125,125,125,125,125,125,125,125,125,125,125,125,125,125,125,"(ii)    the name and number of the polling subdivision in which the elector resides,","['O', 'O', 'O', 'O', 'O', 'O', 'O', 'B', 'L', 'O', 'O', 'O', 'U', 'O']"
126,126,126,126,126,126,126,126,126,126,126,126,126,126,126,"(b.1)    at a special mobile poll held in accordance with section 125.1, during the hours fixed by the Chief Electoral Officer;","['O', 'O', 'O', 'B', 'I', 'L', 'O', 'O', 'O', 'O', 'B', 'L', 'O', 'O', 'O', 'O', 'O', 'O', 'B', 'I', 'L']"
127,127,127,127,127,127,127,127,127,127,127,127,127,127,127,"152(1)  A registered candidate and the registered candidate’s official agent, or either of them, may for a period of 30 days after the publication in The Alberta Gazette of the name of the registered candidate declared elected in the relevant electoral division, inspect any election documents, except ballots, retained by the Chief Electoral Officer and pertaining to the election in that electoral division.","['O', 'O', 'B', 'L', 'O', 'O', 'B', 'I', 'I', 'L', 'O', 'O', 'O', 'O', 'O', 'O', 'O', 'O', 'O', 'B', 'L', 'O', 'O', 'O', 'O', 'O', 'B', 'L', 'O', 'O', 'O', 'O', 'O', 'B', 'L', 'O', 'O', 'O', 'O', 'O', 'B', 'L', 'O', 'O', 'O', 'O', 'O', 'U', 'O', 'O', 'O', 'B', 'I', 'L', 'O', 'O', 'O', 'O', 'U', 'O', 'O', 'B', 'L']"
128,128,128,128,128,128,128,128,128,128,128,128,128,128,128,"(2)  The deputy returning officer shall, without unfolding the ballot and in full view of the voter and all present, ascertain by examining the initials that it is the same ballot the deputy returning officer provided to the voter, and return the ballot to the voter so that the voter may place the ballot in the ballot box.","['O', 'O', 'B', 'I', 'L', 'O', 'O', 'O', 'O', 'U', 'O', 'O', 'O', 'O', 'O', 'O', 'U', 'O', 'O', 'O', 'O', 'O', 'O', 'O', 'O', 'O', 'O', 'O', 'O', 'O', 'O', 'O', 'B', 'I', 'L', 'O', 'O', 'O', 'O', 'O', 'O', 'O', 'U', 'O', 'O', 'U', 'O', 'O', 'O', 'U', 'O', 'O', 'O', 'U', 'O', 'O', 'B', 'L']"
129,129,129,129,129,129,129,129,129,129,129,129,129,129,129,"(i)    require the person to comply with section 95(1) or (2), and","['O', 'O', 'O', 'O', 'O', 'O', 'O', 'B', 'L', 'O', 'U', 'O']"
130,130,130,130,130,130,130,130,130,130,130,130,130,130,130,"(a)    a summary of the Chief Electoral Officer’s conduct respecting the enumeration, general election, election under the Alberta Senate Election Act, by‑election, plebiscite or referendum, as the case may be,","['O', 'O', 'O', 'O', 'O', 'B', 'I', 'L', 'O', 'O', 'O', 'U', 'B', 'L', 'U', 'O', 'O', 'B', 'I', 'I', 'L', 'U', 'U', 'O', 'U', 'O', 'O', 'O', 'O', 'O']"
131,131,131,131,131,131,131,131,131,131,131,131,131,131,131,(e)    voting by Special Ballot or Secured Special Ballot;,"['O', 'O', 'O', 'B', 'L', 'O', 'B', 'I', 'L']"
132,132,132,132,132,132,132,132,132,132,132,132,132,132,132,Authorization to issue writ of election,"['O', 'O', 'O', 'B', 'I', 'L']"
133,133,133,133,133,133,133,133,133,133,133,133,133,133,133,"(b)    whether a copy of the prescribed identification document or documents has been included, and","['O', 'O', 'O', 'O', 'O', 'O', 'B', 'I', 'L', 'O', 'O', 'O', 'O', 'O', 'O']"
134,134,134,134,134,134,134,134,134,134,134,134,134,134,134,"87   When there is more than one polling station located in a polling place and no supervisory deputy returning officer has been appointed, the returning officer may designate a deputy returning officer of one of the polling stations to maintain order within the polling place.","['O', 'O', 'O', 'O', 'O', 'O', 'O', 'B', 'L', 'O', 'O', 'O', 'B', 'L', 'O', 'O', 'B', 'I', 'I', 'L', 'O', 'O', 'O', 'O', 'B', 'L', 'O', 'O', 'O', 'B', 'I', 'L', 'O', 'O', 'O', 'O', 'B', 'L', 'O', 'O', 'O', 'O', 'O', 'B', 'L']"
135,135,135,135,135,135,135,135,135,135,135,135,135,135,135,"(vi)    enter in the Special Ballot Poll Book, in the appropriate columns, a check mark or other annotation indicating that the voter has voted and the reason for using the Special Ballot, that is, physical incapacity, absence, inmate, election officer, candidate, official agent, scrutineer, remote area or another reason prescribed by the Chief Electoral Officer, and","['O', 'O', 'O', 'O', 'B', 'I', 'I', 'L', 'O', 'O', 'O', 'O', 'O', 'O', 'O', 'O', 'O', 'O', 'O', 'O', 'O', 'U', 'O', 'O', 'O', 'O', 'O', 'O', 'O', 'O', 'B', 'L', 'O', 'O', 'O', 'O', 'O', 'O', 'B', 'L', 'U', 'B', 'L', 'U', 'O', 'O', 'O', 'O', 'O', 'O', 'O', 'O', 'B', 'I', 'L', 'O']"
136,136,136,136,136,136,136,136,136,136,136,136,136,136,136,Appointment of administrative assistants,"['O', 'O', 'B', 'L']"
137,137,137,137,137,137,137,137,137,137,137,137,137,137,137,"(2)  During an election period, a department or a Provincial corporation shall not advertise or publish any information about its programs or activities unless the advertisement or publication","['O', 'O', 'O', 'B', 'L', 'O', 'O', 'O', 'O', 'O', 'O', 'O', 'O', 'O', 'O', 'O', 'O', 'O', 'O', 'O', 'O', 'O', 'O', 'O', 'O', 'O', 'O', 'O']"
138,138,138,138,138,138,138,138,138,138,138,138,138,138,138,"55(1)  Each returning officer shall, as soon as possible but not later than the 5th day before nomination day, issue a proclamation containing the following:","['O', 'O', 'B', 'L', 'O', 'O', 'O', 'O', 'O', 'O', 'O', 'O', 'O', 'O', 'U', 'O', 'O', 'B', 'L', 'O', 'O', 'O', 'O', 'O', 'O']"
139,139,139,139,139,139,139,139,139,139,139,139,139,139,139,(iii)    in a brief form the facts and grounds relied on to sustain the prayer;,"['O', 'O', 'O', 'O', 'O', 'O', 'O', 'O', 'O', 'O', 'O', 'O', 'O', 'O', 'O']"
140,140,140,140,140,140,140,140,140,140,140,140,140,140,140,"205   The certificate of the returning officer to the effect that the election was held and that any person stated in the certificate to have been a candidate was in fact a candidate constitutes proof, in the absence of evidence to the contrary, of the contents of the certificate without proof of the signature or official character of the person appearing to have signed the certificate.","['O', 'O', 'U', 'O', 'O', 'B', 'L', 'O', 'O', 'O', 'O', 'O', 'U', 'O', 'O', 'O', 'O', 'O', 'O', 'O', 'O', 'O', 'U', 'O', 'O', 'O', 'O', 'U', 'O', 'O', 'O', 'O', 'U', 'O', 'O', 'O', 'O', 'O', 'O', 'O', 'O', 'O', 'O', 'O', 'O', 'O', 'O', 'O', 'U', 'O', 'O', 'O', 'O', 'U', 'O', 'O', 'O', 'O', 'O', 'O', 'O', 'O', 'O', 'O', 'O', 'U']"
141,141,141,141,141,141,141,141,141,141,141,141,141,141,141,"(i)    if the elector applies in person, at the end of polling day, and","['O', 'O', 'O', 'U', 'O', 'O', 'O', 'O', 'O', 'O', 'O', 'B', 'L', 'O']"
142,142,142,142,142,142,142,142,142,142,142,142,142,142,142,Plebiscite,['U']
143,143,143,143,143,143,143,143,143,143,143,143,143,143,143,"(5)  When a candidate has withdrawn, the deputy returning officer is responsible for ensuring that each voter is so advised when receiving a ballot.","['O', 'O', 'O', 'U', 'O', 'O', 'O', 'B', 'I', 'L', 'O', 'O', 'O', 'O', 'O', 'O', 'O', 'O', 'O', 'O', 'O', 'O', 'O', 'U']"
144,144,144,144,144,144,144,144,144,144,144,144,144,144,144,"(c)    an employee of the Government of Alberta is, for the purposes of voting, deemed to be and to have been for the required period ordinarily resident in the polling subdivision of the electoral division in which the person last resided in Alberta and is eligible to have the person’s name entered on the list of electors for that subdivision and to vote at an election.","['O', 'O', 'O', 'O', 'O', 'B', 'I', 'L', 'O', 'O', 'O', 'O', 'O', 'O', 'O', 'O', 'O', 'O', 'O', 'O', 'O', 'O', 'O', 'O', 'O', 'O', 'O', 'O', 'O', 'B', 'L', 'O', 'O', 'B', 'L', 'O', 'O', 'O', 'O', 'O', 'O', 'O', 'U', 'O', 'O', 'O', 'O', 'O', 'O', 'O', 'O', 'O', 'O', 'O', 'B', 'I', 'L', 'O', 'B', 'L', 'O', 'O', 'O', 'O', 'O', 'U']"
145,145,145,145,145,145,145,145,145,145,145,145,145,145,145,"20(1)  In this section, “elector” includes a person who is eligible to vote at a plebiscite or referendum conducted under this Act or under an Act to which this Act applies.","['O', 'O', 'B', 'L', 'U', 'O', 'O', 'O', 'O', 'O', 'O', 'O', 'O', 'O', 'O', 'U', 'O', 'U', 'O', 'O', 'B', 'L', 'O', 'O', 'O', 'U', 'O', 'O', 'B', 'L', 'O']"
146,146,146,146,146,146,146,146,146,146,146,146,146,146,146,Death of candidate,"['O', 'O', 'U']"
147,147,147,147,147,147,147,147,147,147,147,147,147,147,147,"(a)    the following information is provided, in accordance with the guidelines established by the Chief Electoral Officer, prior to the start of the survey:","['O', 'O', 'O', 'O', 'O', 'O', 'O', 'O', 'O', 'O', 'O', 'O', 'O', 'O', 'B', 'I', 'L', 'O', 'O', 'O', 'O', 'O', 'O', 'O']"
148,148,148,148,148,148,148,148,148,148,148,148,148,148,148,"148(1)  Any party may appeal to the Court of Appeal from the decision of a judge of the Court of Queen’s Bench respecting a recount under section 146 by serving the judge, the parties and the  Chief Electoral Officer and returning officer with a notice of appeal not later than the 2nd day following the judge’s certification of the result.","['O', 'O', 'O', 'O', 'O', 'O', 'O', 'B', 'I', 'L', 'O', 'O', 'O', 'O', 'O', 'U', 'O', 'O', 'B', 'I', 'I', 'L', 'O', 'O', 'O', 'O', 'B', 'L', 'O', 'O', 'O', 'U', 'O', 'U', 'O', 'O', 'B', 'I', 'L', 'O', 'B', 'L', 'O', 'O', 'B', 'I', 'L', 'O', 'O', 'O', 'O', 'U', 'O', 'O', 'O', 'B', 'L', 'O', 'O', 'U']"
149,149,149,149,149,149,149,149,149,149,149,149,149,149,149,"(5)  When a person who is an elector attends to vote at the special mobile poll, the deputy returning officer shall","['O', 'O', 'O', 'O', 'O', 'O', 'O', 'U', 'O', 'O', 'O', 'O', 'O', 'B', 'I', 'L', 'O', 'B', 'I', 'L', 'O']"
150,150,150,150,150,150,150,150,150,150,150,150,150,150,150,"(b)    the poll clerk,","['O', 'O', 'B', 'L']"
151,151,151,151,151,151,151,151,151,151,151,151,151,151,151,"(3)  The deputy returning officer, in the case of a voter referred to in subsection (1), shall","['O', 'O', 'B', 'I', 'L', 'O', 'O', 'O', 'O', 'O', 'O', 'O', 'O', 'O', 'B', 'L', 'O']"
152,152,152,152,152,152,152,152,152,152,152,152,152,152,152,"(a)    immediately before opening the poll, show the ballot box to the persons present so that they may see that it is empty,","['O', 'O', 'O', 'O', 'O', 'U', 'O', 'O', 'B', 'L', 'O', 'O', 'O', 'O', 'O', 'O', 'O', 'O', 'O', 'O', 'O', 'O', 'O']"
153,153,153,153,153,153,153,153,153,153,153,153,153,153,153,"(4)  A public body providing information under subsection (3) may charge a reasonable fee for providing the information, but the fee may not exceed the actual cost of producing a copy of the information.","['O', 'O', 'O', 'O', 'O', 'O', 'O', 'B', 'L', 'O', 'O', 'O', 'O', 'O', 'O', 'O', 'O', 'O', 'O', 'O', 'O', 'O', 'O', 'O', 'O', 'O', 'O', 'O', 'O', 'O', 'O', 'O', 'O', 'O']"
154,154,154,154,154,154,154,154,154,154,154,154,154,154,154,84   Each returning officer shall maintain a record of,"['O', 'O', 'B', 'L', 'O', 'O', 'O', 'O', 'O']"
155,155,155,155,155,155,155,155,155,155,155,155,155,155,155,"(b)    any supportive living facilities having not fewer than 10 electors who are residents,","['O', 'O', 'B', 'I', 'L', 'O', 'O', 'O', 'O', 'U', 'O', 'O', 'O', 'O']"
156,156,156,156,156,156,156,156,156,156,156,156,156,156,156,(f)    whether or not the person reported the contravention on discovery of the contravention;,"['O', 'O', 'O', 'O', 'O', 'O', 'O', 'O', 'U', 'O', 'O', 'O', 'O', 'U']"
157,157,157,157,157,157,157,157,157,157,157,157,157,157,157,Appointment of supervisory deputy returning officer,"['O', 'O', 'B', 'I', 'I', 'L']"
158,158,158,158,158,158,158,158,158,158,158,158,158,158,158,"(a)    being entitled to remain in a polling place during polling hours or to be present during counting of the ballots, fails to maintain or aid in maintaining the secrecy of the voting, or","['O', 'O', 'O', 'O', 'O', 'O', 'O', 'B', 'L', 'O', 'B', 'L', 'O', 'O', 'O', 'O', 'O', 'O', 'O', 'O', 'U', 'O', 'O', 'O', 'O', 'O', 'O', 'O', 'O', 'O', 'O', 'O', 'O', 'O']"
159,159,159,159,159,159,159,159,159,159,159,159,159,159,159,"(b)    the equipment must not be part of or connected to an electronic network, except that the equipment may be securely connected to a network after the close of polls for the purpose of transmitting information to the Chief Electoral Officer;","['O', 'O', 'O', 'O', 'O', 'O', 'O', 'O', 'O', 'O', 'O', 'O', 'O', 'O', 'O', 'O', 'O', 'O', 'O', 'O', 'O', 'O', 'O', 'O', 'O', 'O', 'O', 'B', 'I', 'L', 'O', 'O', 'O', 'O', 'O', 'O', 'O', 'O', 'B', 'I', 'L']"
160,160,160,160,160,160,160,160,160,160,160,160,160,160,160,"(ii)    treat the ballot in the envelope as a rejected ballot, and","['O', 'O', 'O', 'U', 'O', 'O', 'O', 'O', 'O', 'B', 'L', 'O']"
161,161,161,161,161,161,161,161,161,161,161,161,161,161,161,"(v)    in accordance with the candidate’s request, one printed copy or one copy in electronic form, or both, of the list of electors for each polling subdivision in the electoral division.","['O', 'O', 'O', 'O', 'O', 'U', 'O', 'O', 'O', 'O', 'O', 'O', 'O', 'O', 'O', 'O', 'O', 'O', 'O', 'O', 'B', 'I', 'L', 'O', 'O', 'B', 'L', 'O', 'O', 'B', 'L']"
162,162,162,162,162,162,162,162,162,162,162,162,162,162,162,"(b)    may, if necessary, vote in accordance with section 96.","['O', 'O', 'O', 'O', 'O', 'O', 'O', 'O', 'B', 'L']"
163,163,163,163,163,163,163,163,163,163,163,163,163,163,163,"(2)  Notwithstanding subsection (1), the announcement of the results shall not be delayed under subsection (1) beyond 30 days from the date stated in the election proclamation.","['O', 'O', 'B', 'L', 'O', 'O', 'O', 'O', 'U', 'O', 'O', 'O', 'O', 'O', 'B', 'L', 'O', 'B', 'L', 'O', 'O', 'O', 'O', 'O', 'O', 'B', 'L']"
164,164,164,164,164,164,164,164,164,164,164,164,164,164,164,"(2)  If a person contravenes subsection (1), the deputy returning officer shall make an entry in the poll book in the appropriate column to the effect that the person received a ballot but took it out of the polling place.","['O', 'O', 'O', 'O', 'O', 'B', 'L', 'O', 'B', 'I', 'L', 'O', 'O', 'O', 'O', 'O', 'O', 'B', 'L', 'O', 'O', 'O', 'O', 'O', 'O', 'O', 'O', 'O', 'O', 'O', 'O', 'U', 'O', 'O', 'O', 'O', 'O', 'O', 'B', 'L']"
165,165,165,165,165,165,165,165,165,165,165,165,165,165,165,(h)    disclosed where the Election Commissioner believes on reasonable grounds that the disclosure is necessary for the purpose of advising the Minister of Justice and Solicitor General or a law enforcement agency of an alleged offence under this Act or any other enactment of Alberta or an Act or regulation of Canada.,"['O', 'O', 'O', 'O', 'B', 'L', 'O', 'O', 'O', 'O', 'O', 'O', 'U', 'O', 'O', 'O', 'O', 'O', 'O', 'O', 'O', 'B', 'I', 'L', 'O', 'B', 'L', 'O', 'O', 'B', 'I', 'L', 'O', 'O', 'O', 'O', 'O', 'B', 'L', 'O', 'O', 'O', 'O', 'O', 'U', 'O', 'O', 'U', 'O', 'U', 'O', 'U']"
166,166,166,166,166,166,166,166,166,166,166,166,166,166,166,"(4)  Each person appointed under subsection (3) shall, before assuming any duties, take the prescribed oath of office before the returning officer, the election clerk or another person authorized to take oaths in Alberta, and no charge may be made by the person administering the oath.","['O', 'O', 'O', 'O', 'O', 'B', 'L', 'O', 'O', 'O', 'O', 'O', 'O', 'O', 'O', 'B', 'I', 'L', 'O', 'O', 'B', 'L', 'O', 'B', 'L', 'O', 'O', 'O', 'O', 'O', 'O', 'O', 'O', 'U', 'O', 'O', 'O', 'O', 'O', 'O', 'O', 'O', 'O', 'O', 'O', 'O']"
167,167,167,167,167,167,167,167,167,167,167,167,167,167,167,(c)    whether or not there were any mitigating factors relating to the contravention;,"['O', 'O', 'O', 'O', 'O', 'O', 'O', 'O', 'O', 'O', 'O', 'O', 'O']"
168,168,168,168,168,168,168,168,168,168,168,168,168,168,168,(3)  A candidate or the candidate’s official agent may inspect the list of electors and a separate list of additions to or revisions of the list of electors following the commencement of the revision period and may request copies of the additions to the list of electors.,"['O', 'O', 'U', 'O', 'O', 'B', 'I', 'L', 'O', 'O', 'O', 'B', 'I', 'L', 'O', 'O', 'O', 'B', 'I', 'I', 'L', 'O', 'O', 'O', 'O', 'B', 'I', 'L', 'O', 'O', 'O', 'O', 'O', 'B', 'L', 'O', 'O', 'O', 'O', 'O', 'O', 'O', 'O', 'O', 'B', 'I', 'L']"
169,169,169,169,169,169,169,169,169,169,169,169,169,169,169,(6)  A member or a registered political party may request additional copies of the lists of electors in addition to those furnished under subsection (1) or (3) on providing a reason for the additional copies and on payment of an amount determined by the Chief Electoral Officer.,"['O', 'O', 'O', 'O', 'O', 'B', 'I', 'L', 'O', 'O', 'O', 'O', 'O', 'O', 'B', 'I', 'L', 'O', 'O', 'O', 'O', 'O', 'O', 'B', 'L', 'O', 'U', 'O', 'O', 'O', 'O', 'O', 'O', 'O', 'O', 'O', 'O', 'O', 'O', 'O', 'O', 'O', 'O', 'O', 'B', 'I', 'L']"
170,170,170,170,170,170,170,170,170,170,170,170,170,170,170,Fees and expenses,"['O', 'O', 'O']"
171,171,171,171,171,171,171,171,171,171,171,171,171,171,171,Duties and Powers of Election Commissioner,"['O', 'O', 'O', 'O', 'B', 'L']"
172,172,172,172,172,172,172,172,172,172,172,172,172,172,172,(b)    any event or contingency relating to the election commits a corrupt practice.,"['O', 'O', 'O', 'O', 'O', 'O', 'O', 'O', 'U', 'O', 'O', 'O', 'O']"
173,173,173,173,173,173,173,173,173,173,173,173,173,173,173,"(4)  When 2 enumerators are appointed for a subdivision, they shall","['O', 'O', 'U', 'U', 'O', 'O', 'O', 'O', 'U', 'O', 'O']"
174,174,174,174,174,174,174,174,174,174,174,174,174,174,174,"(a)    the quantity of ballots that are provided to the deputy returning officers in the electoral division, and","['O', 'O', 'O', 'O', 'O', 'O', 'O', 'O', 'O', 'O', 'B', 'I', 'L', 'O', 'O', 'B', 'L', 'O']"
175,175,175,175,175,175,175,175,175,175,175,175,175,175,175,"(7)  The Chief Electoral Officer shall after the end of each year prepare a report on the exercise of the Chief Electoral Officer’s and the Election Commissioner’s functions under this Act, including any recommendations for amendments to this Act, and shall transmit the report to the Standing Committee on Legislative Offices, which shall, on its receipt, lay the report before the Assembly if it is then sitting or, if it is not then sitting, within 15 days after the commencement of the next sitting of the Assembly.","['O', 'O', 'B', 'I', 'L', 'O', 'O', 'O', 'O', 'O', 'O', 'O', 'O', 'O', 'U', 'O', 'O', 'O', 'O', 'O', 'B', 'I', 'L', 'O', 'O', 'B', 'L', 'O', 'O', 'B', 'L', 'O', 'O', 'O', 'O', 'O', 'O', 'B', 'L', 'O', 'O', 'O', 'O', 'O', 'O', 'O', 'B', 'I', 'I', 'I', 'L', 'O', 'O', 'O', 'O', 'O', 'O', 'O', 'O', 'O', 'O', 'U', 'O', 'O', 'O', 'O', 'O', 'O', 'O', 'O', 'O', 'O', 'O', 'O', 'O', 'B', 'L', 'O', 'O', 'O', 'O', 'O', 'O', 'O', 'O', 'O', 'U']"
176,176,176,176,176,176,176,176,176,176,176,176,176,176,176,"(c)    by fax or electronic mail, or","['O', 'O', 'O', 'O', 'O', 'O', 'O']"
177,177,177,177,177,177,177,177,177,177,177,177,177,177,177,(i)    every person or organization who,"['O', 'O', 'O', 'O', 'O', 'O']"
178,178,178,178,178,178,178,178,178,178,178,178,178,178,178,"32(1)  On or before the date determined by the Chief Electoral Officer, the enumerator shall submit to the returning officer the forms completed under section 30(2).","['O', 'O', 'O', 'O', 'O', 'O', 'O', 'O', 'O', 'B', 'I', 'L', 'O', 'U', 'O', 'O', 'O', 'O', 'B', 'L', 'O', 'O', 'O', 'O', 'B', 'L']"
179,179,179,179,179,179,179,179,179,179,179,179,179,179,179,"(f)    without authority destroys, takes, opens or damages a ballot box or book or packet of ballots or a ballot in use or used for the purposes of an election,","['O', 'O', 'O', 'O', 'O', 'O', 'O', 'O', 'O', 'B', 'L', 'O', 'O', 'O', 'B', 'I', 'L', 'O', 'O', 'U', 'O', 'O', 'O', 'O', 'O', 'O', 'O', 'O', 'O', 'U']"
180,180,180,180,180,180,180,180,180,180,180,180,180,180,180,Security for costs,"['O', 'O', 'O']"
181,181,181,181,181,181,181,181,181,181,181,181,181,181,181,Judicial recount,"['B', 'L']"
182,182,182,182,182,182,182,182,182,182,182,182,182,182,182,"(a)    if the returning officer, election clerk or person designated by the Chief Electoral Officer is satisfied as to the voter’s eligibility to vote,","['O', 'O', 'O', 'B', 'L', 'B', 'L', 'O', 'O', 'O', 'O', 'O', 'B', 'I', 'L', 'O', 'O', 'O', 'O', 'O', 'U', 'O', 'O', 'O']"
183,183,183,183,183,183,183,183,183,183,183,183,183,183,183,98(1)  The returning officer shall establish at least one and no more than 4 polling places to enable electors to vote in advance at an election.,"['O', 'O', 'B', 'L', 'O', 'O', 'O', 'O', 'U', 'O', 'O', 'O', 'O', 'U', 'B', 'L', 'O', 'O', 'O', 'O', 'O', 'O', 'O', 'O', 'O', 'U']"
184,184,184,184,184,184,184,184,184,184,184,184,184,184,184,"29(1)  In this section, “multiple dwelling site” means","['O', 'O', 'O', 'O', 'B', 'I', 'L', 'O']"
185,185,185,185,185,185,185,185,185,185,185,185,185,185,185,"(e)    correctional institutions under the Corrections Act, penitentiaries under the Corrections and Conditional Release Act (Canada) and places of custody under the Youth Justice Act or the Youth Criminal Justice Act (Canada);","['O', 'B', 'L', 'O', 'O', 'B', 'L', 'U', 'O', 'O', 'B', 'I', 'I', 'I', 'L', 'U', 'O', 'B', 'I', 'L', 'O', 'O', 'B', 'I', 'L', 'O', 'O', 'B', 'I', 'I', 'L', 'U']"
186,186,186,186,186,186,186,186,186,186,186,186,186,186,186,Wilful damage to poll book,"['O', 'O', 'O', 'B', 'L']"
187,187,187,187,187,187,187,187,187,187,187,187,187,187,187,"(i)    sign part 2 of the certificate,","['O', 'O', 'O', 'O', 'O', 'O', 'U']"
188,188,188,188,188,188,188,188,188,188,188,188,188,188,188,"(4)  If the Election Commissioner refuses to conduct or ceases an investigation under subsection (2) or determines that no offence was committed, the Election Commissioner","['O', 'O', 'O', 'B', 'L', 'O', 'O', 'O', 'O', 'O', 'O', 'O', 'O', 'B', 'L', 'O', 'O', 'O', 'O', 'O', 'O', 'O', 'O', 'B', 'L']"
189,189,189,189,189,189,189,189,189,189,189,189,189,189,189,Returning officer’s certificate,"['B', 'I', 'L']"
